"","date","FECSR78_AMMONIA-N_mg/L","days"
"1",1973-04-09,0.08,9
"2",1973-04-16,0.05,16
"3",1973-04-23,0.13,23
"4",1973-04-30,0.09,29
"5",1973-05-14,NA,43
"6",1973-05-21,0.07,50
"7",1973-05-29,0.08,58
"8",1973-06-04,0.03,64
"9",1973-06-11,0.03,71
"10",1973-06-18,0.03,78
"11",1973-06-25,0.03,85
"12",1973-07-02,0.03,92
"13",1973-07-09,NA,99
"14",1973-07-16,0.08,106
"15",1973-07-23,0.07,113
"16",1973-07-30,NA,120
"17",1973-08-06,NA,127
"18",1973-08-13,NA,134
"19",1973-08-20,0.03,141
"20",1973-08-27,0.02,148
"21",1973-09-04,0.19,156
"22",1973-09-10,NA,162
"23",1973-09-17,0.02,169
"24",1973-09-24,0.04,176
"25",1973-10-01,0.05,183
"26",1973-10-08,0.03,190
"27",1973-10-15,NA,197
"28",1973-10-23,0.02,205
"29",1973-10-29,NA,212
"30",1973-11-13,0.13,227
"31",1973-11-26,0.02,240
"32",1973-12-11,0.14,255
"33",1973-12-17,0.06,261
"34",1974-01-29,0.03,303
"35",1974-02-27,0.04,332
"36",1974-03-21,0.02,354
"37",1974-05-13,NA,407
"38",1974-05-28,0.03,422
"39",1974-06-10,0.03,435
"40",1974-06-24,0.05,449
"41",1974-07-08,0.47,463
"42",1974-07-22,0.14,477
"43",1974-08-05,0.03,491
"44",1974-08-19,0.04,505
"45",1974-09-03,0.05,520
"46",1974-10-01,0.01,548
"47",1974-10-14,0.06,561
"48",1974-10-28,0.03,576
"49",1974-11-13,0.07,592
"50",1974-11-25,0.08,604
"51",1974-12-09,0.06,618
"52",1974-12-23,0.1,632
"53",1975-01-06,0.06,646
"54",1975-01-21,0.05,661
"55",1975-02-03,0.03,674
"56",1975-02-17,0.05,688
"57",1975-03-03,0.06,701
"58",1975-03-17,0.08,715
"59",1975-03-31,0.05,729
"60",1975-04-14,0.08,743
"61",1975-04-29,0.02,758
"62",1975-05-27,0.07,786
"63",1975-06-09,0.19,799
"64",1975-06-16,0.15,806
"65",1975-06-24,0.4,814
"66",1975-06-30,0.11,820
"67",1975-07-07,0.03,827
"68",1975-07-15,0.06,835
"69",1975-07-22,0.06,842
"70",1975-07-28,NA,848
"71",1975-08-04,0.04,855
"72",1975-08-11,0.04,862
"73",1975-08-18,0.04,869
"74",1975-08-25,0.01,876
"75",1975-09-02,0.07,884
"76",1975-09-09,0.05,891
"77",1975-09-15,0.01,897
"78",1975-09-25,0.02,907
"79",1975-09-29,NA,911
"80",1975-10-06,0.04,918
"81",1975-10-13,0.03,925
"82",1975-10-21,0.03,933
"83",1975-10-27,0.08,940
"84",1975-11-04,0.14,948
"85",1975-11-17,0.13,961
"86",1975-12-01,0.12,975
"87",1975-12-29,0.11,1003
"88",1976-01-12,0.07,1017
"89",1976-01-28,0.11,1033
"90",1976-02-09,0.08,1045
"91",1976-02-20,0.12,1056
"92",1976-03-08,0.09,1073
"93",1976-03-23,0.06,1088
"94",1976-04-05,0.03,1101
"95",1976-04-19,0.01,1115
"96",1976-05-03,0.05,1128
"97",1976-05-17,0.06,1142
"98",1976-06-01,0.12,1157
"99",1976-06-14,0.02,1170
"100",1976-06-28,0.18,1184
"101",1976-07-12,NA,1198
"102",1976-07-26,0.04,1212
"103",1976-08-09,0.05,1226
"104",1976-08-23,0.05,1240
"105",1976-09-07,0.06,1255
"106",1976-09-20,0.06,1268
"107",1976-10-04,0.01,1282
"108",1976-10-18,0.01,1296
"109",1976-11-01,0.02,1311
"110",1976-11-15,NA,1325
"111",1976-11-29,0.07,1339
"112",1976-12-27,0.03,1367
"113",1977-01-10,0.02,1381
"114",1977-01-24,0.02,1395
"115",1977-02-07,0.08,1409
"116",1977-02-23,0.02,1425
"117",1977-03-07,0.05,1437
"118",1977-03-21,0.08,1451
"119",1977-04-04,0.05,1465
"120",1977-04-19,0.02,1480
"121",1977-05-02,NA,1492
"122",1977-05-16,NA,1506
"123",1977-05-31,NA,1521
"124",1977-06-13,0.02,1534
"125",1977-06-27,0.11,1548
"126",1977-07-11,0.11,1562
"127",1977-07-25,0.03,1576
"128",1977-08-08,0.02,1590
"129",1977-08-22,0.02,1604
"130",1977-09-06,0.01,1619
"131",1977-09-19,0.03,1632
"132",1977-10-03,0.02,1646
"133",1977-10-17,0.01,1660
"134",1977-10-31,0.16,1675
"135",1977-11-21,0.04,1696
"136",1977-12-05,0.02,1710
"137",1977-12-19,0.03,1724
"138",1978-01-04,0.03,1740
"139",1978-01-16,0.03,1752
"140",1978-01-30,0.02,1766
"141",1978-02-13,0.0266666666666667,1780
"142",1978-02-27,NA,1794
"143",1978-03-13,0.02,1808
"144",1978-03-27,0.02,1822
"145",1978-04-10,0.04,1836
"146",1978-04-24,0.06,1850
"147",1978-05-08,0.18,1863
"148",1978-05-22,0.04,1877
"149",1978-06-05,0.03,1891
"150",1978-06-19,0.04,1905
"151",1978-07-05,0.04,1921
"152",1978-07-17,0.0233333333333333,1933
"153",1978-07-31,0.01,1947
"154",1978-08-14,NA,1961
"155",1978-08-28,0.01,1975
"156",1978-09-11,NA,1989
"157",1978-09-25,0.05,2003
"158",1978-10-10,0.01,2018
"159",1978-10-23,0.02,2031
"160",1978-11-20,0.05,2060
"161",1978-12-04,0.11,2074
"162",1978-12-19,0.06,2089
"163",1979-01-08,NA,2109
"164",1979-01-22,NA,2123
"165",1979-02-05,0.03,2137
"166",1979-02-20,0.04,2152
"167",1979-03-05,0.04,2165
"168",1979-03-19,NA,2179
"169",1979-04-02,0.04,2193
"170",1979-04-16,0.14,2207
"171",1979-04-30,0.03,2220
"172",1979-05-14,0.07,2234
"173",1979-05-29,0.03,2249
"174",1979-06-11,0.03,2262
"175",1979-06-25,0.07,2276
"176",1979-07-09,0.07,2290
"177",1979-07-23,0.06,2304
"178",1979-08-06,0.02,2318
"179",1979-08-20,0.05,2332
"180",1979-09-05,0.04,2348
"181",1979-09-18,0.04,2361
"182",1979-10-01,0.01,2374
"183",1979-10-15,0.01,2388
"184",1979-10-29,0.04,2403
"185",1979-11-14,0.34,2419
"186",1979-11-27,0.04,2432
"187",1979-12-12,0.03,2447
"188",1979-12-27,NA,2462
"189",1980-01-08,0.02,2474
"190",1980-01-23,0.02,2489
"191",1980-02-05,0.04,2502
"192",1980-02-20,0.02,2517
"193",1980-03-04,0.05,2530
"194",1980-03-19,0.05,2545
"195",1980-04-02,0.11,2559
"196",1980-04-17,0.0366666666666667,2574
"197",1980-04-30,0.05,2586
"198",1980-05-13,0.06,2599
"199",1980-05-28,0.01,2614
"200",1980-06-09,NA,2626
"201",1980-06-25,0.05,2642
"202",1980-07-08,0.06,2655
"203",1980-07-24,0.09,2671
"204",1980-08-04,0.06,2682
"205",1980-08-20,0.17,2698
"206",1980-09-03,0.08,2712
"207",1980-09-17,0.08,2726
"208",1980-10-01,0.1,2740
"209",1980-10-14,NA,2753
"210",1980-10-29,0.06,2769
"211",1980-11-12,0.1,2783
"212",1980-12-02,0.13,2803
"213",1980-12-31,0.04,2832
"214",1981-01-14,0.07,2846
"215",1981-01-27,0.09,2859
"216",1981-02-10,0.2,2873
"217",1981-02-24,1.26,2887
"218",1981-03-10,0.12,2901
"219",1981-03-24,0.12,2915
"220",1981-04-08,0.07,2930
"221",1981-04-21,0.03,2943
"222",1981-05-06,0.15,2957
"223",1981-05-19,NA,2970
"224",1981-06-02,0.03,2984
"225",1981-06-17,0.01,2999
"226",1981-06-30,0.03,3012
"227",1981-07-16,NA,3028
"228",1981-07-28,NA,3040
"229",1981-08-12,0.03,3055
"230",1981-08-25,0.03,3068
"231",1981-09-10,0.08,3084
"232",1981-09-23,0.05,3097
"233",1981-10-06,0.06,3110
"234",1981-10-20,0.21,3124
"235",1981-11-04,0.06,3140
"236",1981-12-02,0.06,3168
"237",1981-12-29,0.07,3195
"238",1982-02-24,0.08,3252
"239",1982-04-05,0.1,3292
"240",1982-05-04,0.03,3320
"241",1982-06-01,0.03,3348
"242",1982-06-30,0.01,3377
"243",1982-07-12,0.02,3389
"244",1982-07-27,0.04,3404
"245",1982-08-09,0.04,3417
"246",1982-08-25,0.01,3433
"247",1982-09-21,NA,3460
"248",1982-10-05,0.03,3474
"249",1982-10-20,0.03,3489
"250",1982-11-01,0.02,3502
"251",1982-11-22,0.02,3523
"252",1982-12-22,NA,3553
"253",1983-01-18,0.02,3580
"254",1983-02-17,NA,3610
"255",1983-03-02,NA,3623
"256",1983-03-15,NA,3636
"257",1983-04-15,NA,3667
"258",1983-09-27,0.04,3831
"259",1984-03-27,NA,4014
"260",1984-06-04,0.02,4082
"261",1984-07-31,0.05,4139
"262",1984-08-13,0.01,4152
"263",1984-09-25,0.12,4195
"264",1984-10-18,0.05,4218
"265",1984-10-23,0.09,4223
"266",1984-11-15,0.03,4247
"267",1984-11-19,0.04,4251
"268",1984-12-18,0.04,4280
"269",1985-01-15,0.03,4308
"270",1985-01-17,0.05,4310
"271",1985-02-15,0.065,4339
"272",1985-02-26,0.04,4350
"273",1985-03-14,0.135,4366
"274",1985-04-09,0.08,4392
"275",1985-04-18,0.015,4401
"276",1985-05-06,0.1,4418
"277",1985-05-16,0.01,4428
"278",1985-06-04,0.04,4447
"279",1985-06-27,0.055,4470
"280",1985-07-02,0.11,4475
"281",1985-07-19,0.11,4492
"282",1985-07-30,0.4,4503
"283",1985-08-01,0.02,4505
"284",1985-08-15,0.065,4519
"285",1985-08-27,0.09,4531
"286",1985-08-29,0.05,4533
"287",1985-09-09,0.02,4544
"288",1985-09-12,0.015,4547
"289",1985-09-26,0.06,4561
"290",1985-10-08,0.04,4573
"291",1985-11-05,0.13,4602
"292",1985-12-03,0.04,4630
"293",1986-01-14,0.04,4672
"294",1986-02-12,0.04,4701
"295",1986-02-25,NA,4714
"296",1986-03-25,0.02,4742
"297",1986-04-08,0.01,4756
"298",1986-05-06,0.07,4783
"299",1986-06-17,NA,4825
"300",1986-07-01,0.01,4839
"301",1986-07-15,0.04,4853
"302",1986-07-29,0.07,4867
"303",1986-08-26,NA,4895
"304",1986-09-23,0.02,4923
"305",1986-10-07,0.02,4937
"306",1986-11-04,0.17,4966
"307",1986-11-18,0.01,4980
"308",1986-12-03,0.04,4995
"309",1987-01-07,NA,5030
"310",1987-02-03,NA,5057
"311",1987-03-31,0.02,5113
"312",1987-04-28,NA,5140
"313",1987-05-11,0.01,5153
"314",1987-06-24,NA,5197
"315",1987-07-08,0.05,5211
"316",1987-08-04,NA,5238
"317",1987-09-16,0.03,5281
"318",1987-10-13,0.01,5308
"319",1987-10-28,0.08,5324
"320",1987-11-10,0.02,5337
"321",1987-12-08,NA,5365
"322",1988-01-19,NA,5407
"323",1988-02-16,NA,5435
"324",1988-03-29,NA,5477
"325",1988-04-26,0.03,5504
"326",1988-05-24,0.01,5532
"327",1988-06-21,NA,5560
"328",1988-07-19,0.03,5588
"329",1988-08-16,0.03,5616
"330",1988-09-13,NA,5644
"331",1988-10-11,0.03,5672
"332",1988-11-22,NA,5715
"333",1988-12-06,NA,5729
"334",1989-01-18,0.02,5772
"335",1989-02-14,0.1,5799
"336",1989-03-28,0.11,5841
"337",1989-04-26,NA,5869
"338",1989-05-23,0.07,5896
"339",1989-06-20,0.03,5924
"340",1989-07-18,0.14,5952
"341",1989-08-30,0.14,5995
"342",1989-09-12,0.08,6008
"343",1989-09-26,0.03,6022
"344",1989-10-11,0.03,6037
"345",1989-12-19,0.05,6107
"346",1990-01-02,0.03,6121
"347",1990-02-13,0.08,6163
"348",1990-02-27,0.12,6177
"349",1990-03-12,0.06,6190
"350",1990-05-22,0.37,6260
"351",1990-06-19,0.08,6288
"352",1990-07-03,0.06,6302
"353",1990-07-17,0.08,6316
"354",1990-07-31,NA,6330
"355",1990-08-15,0.02,6345
"356",1990-08-28,0.02,6358
"357",1990-09-12,0.06,6373
"358",1990-09-25,0.07,6386
"359",1990-10-23,0.04,6414
"360",1990-11-19,0.07,6442
"361",1990-12-18,0.05,6471
"362",1991-01-29,0.02,6513
"363",1991-02-26,0.1,6541
"364",1991-03-12,0.01,6555
"365",1991-04-24,0.04,6597
"366",1991-05-21,0.14,6624
"367",1991-06-17,0.03,6651
"368",1991-07-02,0.07,6666
"369",1991-07-16,0.03,6680
"370",1991-07-30,0.02,6694
"371",1991-08-13,0.02,6708
"372",1991-08-28,0.02,6723
"373",1991-09-10,0.03,6736
"374",1991-09-30,NA,6756
"375",1991-10-22,0.01,6778
"376",1991-11-06,0.01,6794
"377",1991-11-18,0.04,6806
"378",1991-12-17,NA,6835
"379",1992-01-28,0.03,6877
"380",1992-02-26,0.02,6906
"381",1992-03-23,NA,6932
"382",1992-04-22,NA,6961
"383",1992-05-21,0.03,6990
"384",1992-06-15,0.17,7015
"385",1992-06-29,NA,7029
"386",1992-07-28,NA,7058
"387",1992-08-26,0.26,7087
"388",1992-09-21,NA,7113
"389",1992-10-19,NA,7141
"390",1992-11-17,0.02,7171
"391",1992-12-28,NA,7212
"392",1993-01-25,NA,7240
"393",1993-02-22,NA,7268
"394",1993-03-22,NA,7296
"395",1993-04-19,NA,7323
"396",1993-05-17,NA,7351
"397",1993-06-15,NA,7380
"398",1993-07-28,0.03,7423
"399",1993-08-23,0.23,7449
"400",1993-09-20,NA,7477
"401",1993-10-18,0.04,7505
"402",1993-11-01,0.01,7520
"403",1993-11-15,NA,7534
"404",1993-12-13,0.05,7562
"405",1994-01-18,0.01,7598
"406",1994-02-14,NA,7625
"407",1994-03-14,0.02,7653
"408",1994-04-11,0.01,7680
"409",1994-05-16,NA,7715
"410",1994-06-13,NA,7743
"411",1994-07-18,0.028,7778
"412",1994-08-15,0.039,7806
"413",1994-09-12,0.012,7834
"414",1994-09-26,NA,7848
"415",1994-10-10,0.016,7862
"416",1994-10-24,0.05,7876
"417",1994-11-07,0.014,7891
"418",1994-11-21,NA,7905
"419",1994-12-05,NA,7919
"420",1995-01-05,NA,7950
"421",1995-01-30,0.016,7975
"422",1995-02-13,0.022,7989
"423",1995-02-28,0.024,8004
"424",1995-03-27,NA,8031
"425",1995-04-10,0.033,8044
"426",1995-04-24,0.023,8058
"427",1995-05-08,0.021,8072
"428",1995-05-22,0.048,8086
"429",1995-06-19,0.035,8114
"430",1995-07-05,NA,8130
"431",1995-07-17,0.023,8142
"432",1995-08-03,0.048,8159
"433",1995-08-14,NA,8170
"434",1995-08-29,0.013,8185
"435",1995-09-11,NA,8198
"436",1995-09-26,0.016,8213
"437",1995-10-09,0.0395,8226
"438",1995-10-24,NA,8241
"439",1995-11-06,0.0325,8255
"440",1995-12-04,0.0785,8283
"441",1996-01-02,0.1325,8312
"442",1996-01-29,0.074,8339
"443",1996-02-12,0.059,8353
"444",1996-02-26,0.024,8367
"445",1996-03-11,0.047,8381
"446",1996-04-22,0.0715,8422
"447",1996-05-20,0.042,8450
"448",1996-06-18,0.062,8479
"449",1996-07-01,0.035,8492
"450",1996-07-15,0.031,8506
"451",1996-08-13,0.028,8535
"452",1996-09-09,0.049,8562
"453",1996-10-07,0.034,8590
"454",1996-11-04,0.07,8619
"455",1996-12-02,0.067,8647
"456",1996-12-30,0.025,8675
"457",1997-01-27,0.019,8703
"458",1997-02-24,0.05,8731
"459",1997-03-24,0.027,8759
"460",1997-04-21,0.034,8786
"461",1997-05-19,0.137,8814
"462",1997-06-16,0.06,8842
"463",1997-07-14,0.051,8870
"464",1997-07-28,0.016,8884
"465",1997-08-11,0.0322,8898
"466",1997-08-28,0.048,8915
"467",1997-09-08,0.026,8926
"468",1997-10-06,0.027,8954
"469",1997-10-20,0.038,8968
"470",1997-11-17,0.035,8997
"471",1997-12-22,0.042,9032
"472",1998-01-20,0.023,9061
"473",1998-02-17,0.024,9089
"474",1998-03-02,0.006,9102
"475",1998-04-20,0.036,9150
"476",1998-05-18,0.01,9178
"477",1998-06-15,0.069,9206
"478",1998-07-27,0.0455,9248
"479",1998-08-10,0.05,9262
"480",1998-08-24,0.043,9276
"481",1998-09-21,0.072,9304
"482",1998-10-05,NA,9318
"483",1998-11-16,NA,9361
"484",1998-12-14,0.029,9389
"485",1998-12-28,0.03,9403
"486",1999-01-25,0.025,9431
"487",1999-02-22,0.034,9459
"488",1999-03-22,0.026,9487
"489",1999-04-19,0.047,9514
"490",1999-05-17,0.021,9542
"491",1999-06-21,0.1068,9577
"492",1999-07-12,0.0605,9598
"493",1999-07-26,0.026,9612
"494",1999-08-09,0.011,9626
"495",1999-08-23,0.02,9640
"496",1999-09-07,0.0106,9655
"497",1999-09-20,0.017,9668
"498",1999-10-04,0.007,9682
"499",1999-10-18,0.022,9696
"500",1999-11-01,0.0045,9711
"501",1999-11-15,0.023,9725
"502",1999-12-27,0.034,9767
"503",2000-01-24,0.042,9795
"504",2000-02-07,0.0075,9809
"505",2000-02-22,0.03,9824
"506",2000-03-06,0.02,9837
"507",2000-03-20,0.051,9851
"508",2000-04-17,NA,9878
"509",2000-05-15,0.009,9906
"510",2000-06-26,0.063,9948
"511",2000-07-24,NA,9976
"512",2000-08-07,0.1976,9990
"513",2000-08-21,0.171,10004
"514",2000-09-18,0.081,10032
"515",2000-10-02,0.024,10046
"516",2000-10-16,0.045,10060
"517",2000-11-13,0.139,10089
"518",2000-12-18,0.087,10124
"519",2001-01-22,0.252,10159
"520",2001-02-20,0.022,10188
"521",2001-03-19,0.035,10215
"522",2001-04-16,0.01,10242
"523",2001-05-14,NA,10270
"524",2001-06-18,0.013,10305
"525",2001-07-16,0.016,10333
"526",2001-07-30,0.00616666666666667,10347
"527",2001-08-13,0.032,10361
"528",2001-08-27,0.04,10375
"529",2001-09-10,0.096,10389
"530",2001-09-24,0.039,10403
"531",2001-10-08,0.027,10417
"532",2001-10-22,0.0584,10431
"533",2001-11-05,0.05,10446
"534",2001-12-03,0.03,10474
"535",2002-01-22,NA,10524
"536",2002-02-19,0.029,10552
"537",2002-03-04,0.012,10565
"538",2002-03-18,NA,10579
"539",2002-04-15,0.022,10606
"540",2002-05-13,0.013,10634
"541",2002-06-24,0.159,10676
"542",2002-07-08,0.015,10690
"543",2002-07-22,0.027,10704
"544",2002-08-05,0.068,10718
"545",2002-08-19,0.044,10732
"546",2002-09-03,0.047,10747
"547",2002-09-16,0.032,10760
"548",2002-09-30,0.035,10774
"549",2002-10-14,0.019,10788
"550",2002-10-28,0.047,10803
"551",2002-11-25,0.021,10831
"552",2002-12-30,0.015,10866
"553",2003-01-13,0.012,10880
"554",2003-01-27,0.015,10894
"555",2003-02-24,0.037,10922
"556",2003-03-24,0.06,10950
"557",2003-04-21,0.011,10977
"558",2003-05-19,0.067,11005
"559",2003-06-16,0.026,11033
"560",2003-07-08,0.022,11055
"561",2003-07-21,0.027,11068
"562",2003-08-04,0.032,11082
"563",2003-08-18,0.019,11096
"564",2003-09-02,0.02,11111
"565",2003-09-15,0.012,11124
"566",2003-10-20,0.019,11159
"567",2003-11-17,0.019,11188
"568",2003-12-15,0.022,11216
"569",2004-01-20,0.014,11252
"570",2004-02-17,0.028,11280
"571",2004-03-15,0.023,11307
"572",2004-04-19,0.014,11341
"573",2004-05-17,0.01,11369
"574",2004-06-21,0.009,11404
"575",2004-07-26,NA,11439
"576",2004-08-09,0.099,11453
"577",2004-08-23,0.014,11467
"578",2004-09-13,0.014,11488
"579",2004-10-04,0.018,11509
"580",2004-10-18,0.047,11523
"581",2004-11-01,0.034,11538
"582",2004-11-15,0.063,11552
"583",2004-12-20,0.061,11587
"584",2005-01-18,0.037,11616
"585",2005-02-14,0.015,11643
"586",2005-03-14,0.011,11671
"587",2005-04-18,0.017,11705
"588",2005-05-16,0.013,11733
"589",2005-06-13,0.02,11761
"590",2005-06-27,0.037,11775
"591",2005-07-11,0.025,11789
"592",2005-07-25,0.03,11803
"593",2005-08-08,0.021,11817
"594",2005-08-22,0.033,11831
"595",2005-09-06,0.024,11846
"596",2005-09-20,0.027,11860
"597",2005-10-17,0.039,11887
"598",2005-11-01,0.015,11903
"599",2005-11-14,0.016,11916
"600",2005-12-05,0.013,11937
"601",2005-12-19,0.018,11951
"602",2006-01-23,0.042,11986
"603",2006-02-21,0.023,12015
"604",2006-03-20,0.012,12042
"605",2006-04-17,0.013,12069
"606",2006-05-22,0.011,12104
"607",2006-06-19,0.01,12132
"608",2006-07-17,NA,12160
"609",2006-08-21,0.204,12195
"610",2006-09-11,0.021,12216
"611",2006-09-25,0.034,12230
"612",2006-10-23,0.099,12258
"613",2006-11-27,0.022,12294
"614",2006-12-18,0.043,12315
"615",2007-01-22,0.042,12350
"616",2007-02-26,0.046,12385
"617",2007-03-26,0.022,12412
"618",2007-04-23,0.016,12440
"619",2007-05-21,0.058,12468
"620",2007-06-18,0.022,12496
"621",2007-07-09,0.218,12517
"622",2007-07-23,0.138,12531
"623",2007-08-20,0.105,12559
"624",2007-09-24,0.095,12594
"625",2007-10-22,0.051,12622
"626",2007-11-26,0.065,12658
"627",2007-12-19,0.079,12681
"628",2008-01-16,0.062,12709
"629",2008-02-20,0.068,12744
"630",2008-03-19,0.057,12771
"631",2008-04-16,0.064,12799
"632",2008-05-28,0.165,12841
"633",2008-06-25,0.305,12869
"634",2008-07-16,0.066,12890
"635",2008-07-30,0.048,12904
"636",2008-08-13,0.056,12918
"637",2008-08-28,0.035,12933
"638",2008-09-10,0.06,12946
"639",2008-09-24,0.102,12960
"640",2008-10-22,0.056,12988
"641",2008-11-19,0.042,13017
"642",2008-12-17,0.062,13045
"643",2009-01-21,0.047,13080
"644",2009-02-18,0.064,13108
"645",2009-03-25,0.027,13142
"646",2009-04-22,0.019,13170
"647",2009-05-20,0.071,13198
"648",2009-06-17,0.071,13226
"649",2009-07-08,0.051,13247
"650",2009-07-22,0.087,13261
"651",2009-08-12,0.041,13282
"652",2009-08-26,0.064,13296
"653",2009-09-23,0.065,13324
"654",2009-10-28,0.086,13359
"655",2009-11-18,0.089,13381
"656",2009-12-23,0.049,13416
"657",2010-01-27,0.154,13451
"658",2010-02-24,0.041,13479
"659",2010-03-17,0.041,13499
"660",2010-04-07,0.065,13520
"661",2010-04-21,0.1,13534
"662",2010-05-12,0.12,13555
"663",2010-05-26,0.11,13569
"664",2010-06-30,0.136,13604
"665",2010-07-14,0.065,13618
"666",2010-07-28,0.107,13632
"667",2010-08-18,0.059,13653
"668",2010-09-15,0.05,13681
"669",2010-09-29,0.048,13695
"670",2010-10-27,0.083,13723
"671",2010-11-17,0.043,13745
"672",2010-12-13,0.03,13771
"673",2011-01-05,0.036,13794
"674",2011-01-20,0.064,13809
"675",2011-02-03,0.052,13823
"676",2011-02-17,0.039,13837
"677",2011-03-16,0.015,13863
"678",2011-04-20,0.055,13898
"679",2011-05-18,0.077,13926
"680",2011-06-22,0.015,13961
"681",2011-07-20,0.065,13989
"682",2011-08-24,0.089,14024
"683",2011-09-07,0.078,14038
"684",2011-09-21,0.06,14052
"685",2011-10-05,0.053,14066
"686",2011-10-19,0.055,14080
"687",2011-11-02,0.04,14094
"688",2011-11-16,0.044,14109
"689",2011-12-21,0.071,14144
"690",2012-01-18,0.045,14172
"691",2012-02-22,0.06,14207
"692",2012-03-21,0.065,14234
"693",2012-04-18,0.049,14262
"694",2012-05-16,0.06,14290
"695",2012-06-20,0.016,14325
"696",2012-07-11,0.135,14346
"697",2012-07-25,0.166,14360
"698",2012-08-08,0.082,14374
"699",2012-08-22,0.078,14388
"700",2012-09-05,0.051,14402
"701",2012-09-20,0.054,14417
"702",2012-10-03,0.13,14430
"703",2012-10-17,0.042,14444
"704",2012-11-14,0.066,14473
"705",2012-12-05,0.067,14494
"706",2013-01-09,0.036,14529
"707",2013-02-06,0.026,14557
"708",2013-03-06,0.019,14585
"709",2013-04-03,0.031,14612
"710",2013-05-08,0.029,14647
"711",2013-06-05,0.064,14675
"712",2013-06-19,0.06,14689
"713",2013-07-10,0.034,14710
"714",2013-07-24,0.052,14724
"715",2013-08-07,0.035,14738
"716",2013-08-21,0.053,14752
"717",2013-09-04,0.036,14766
"718",2013-09-18,0.027,14780
"719",2013-10-07,0.039,14799
"720",2013-10-21,0.065,14813
"721",2013-11-04,0.05,14828
"722",2013-12-02,0.073,14856
"723",2014-01-06,0.059,14891
"724",2014-02-03,0.109,14919
"725",2014-03-03,0.04,14947
"726",2014-04-07,0.056,14981
"727",2014-04-21,0.036,14995
"728",2014-05-05,0.082,15009
"729",2014-06-09,0.129,15044
"730",2014-07-07,0.125,15072
"731",2014-07-21,0.111,15086
"732",2014-08-04,0.072,15100
"733",2014-08-18,0.03,15114
"734",2014-09-08,0.148,15135
"735",2014-09-22,0.055,15149
"736",2014-10-06,0.041,15163
"737",2014-11-03,0.051,15192
"738",2014-12-01,0.048,15220
"739",2015-01-05,0.05,15255
"740",2015-01-20,0.044,15270
"741",2015-02-02,0.028,15283
"742",2015-03-02,0.029,15311
"743",2015-04-06,0.032,15345
"744",2015-05-04,0.052,15373
"745",2015-06-01,0.106,15401
"746",2015-07-06,0.053,15436
"747",2015-07-20,0.045,15450
"748",2015-08-03,0.046,15464
"749",2015-08-17,0.039,15478
"750",2015-08-31,0.036,15492
"751",2015-09-14,0.03,15506
"752",2015-09-28,0.045,15520
"753",2015-10-12,0.039,15534
"754",2015-10-26,0.043,15548
"755",2015-11-09,0.073,15563
"756",2015-11-23,0.101,15577
"757",2015-12-07,0.048,15591
"758",2015-12-21,0.047,15605
"759",2016-01-04,0.074,15619
"760",2016-01-20,0.022,15635
"761",2016-02-01,0.023,15647
"762",2016-02-15,0.032,15661
"763",2016-02-29,0.035,15675
"764",2016-03-14,0.049,15688
"765",2016-03-28,0.071,15702
"766",2016-04-11,0.053,15716
"767",2016-05-09,0.078,15744
"768",2016-05-23,0.051,15758
"769",2016-06-06,0.087,15772
"770",2016-06-20,0.051,15786
"771",2016-07-06,0.057,15802
"772",2016-07-18,0.058,15814
"773",2016-08-01,0.048,15828
"774",2016-08-15,0.048,15842
"775",2016-08-29,0.061,15856
"776",2016-09-12,0.046,15870
"777",2016-09-26,0.052,15884
"778",2016-10-10,0.051,15898
"779",2016-10-24,0.083,15912
"780",2016-11-07,0.127,15927
"781",2016-11-21,0.125,15941
"782",2016-12-19,0.063,15969
"783",2017-01-04,0.066,15985
"784",2017-01-17,0.059,15998
"785",2017-02-13,0.058,16025
"786",2017-03-13,0.07,16052
"787",2017-04-10,0.046,16080
"788",2017-05-08,NA,16108
"789",2017-06-05,0.047,16136
"790",2017-06-19,0.161,16150
"791",2017-07-05,0.076,16166
"792",2017-07-17,0.118,16178
"793",2017-08-01,0.142,16193
"794",2017-08-14,0.094,16206
"795",2017-08-28,0.073,16220
"796",2017-09-13,0.019,16236
"797",2017-09-25,0.05,16248
"798",2017-10-09,0.046,16262
"799",2017-10-23,0.097,16276
"800",2017-11-06,0.081,16291
"801",2017-11-20,0.15,16305
"802",2017-12-18,0.066,16333
"803",2018-01-02,0.096,16348
"804",2018-01-16,0.118,16362
"805",2018-01-29,0.178,16375
"806",2018-02-12,0.078,16389
"807",2018-03-12,0.065,16416
"808",2018-04-09,0.071,16444
"809",2018-04-23,0.03,16458
"810",2018-05-07,0.019,16472
"811",2018-05-21,0.033,16486
"812",2018-06-04,0.062,16500
"813",2018-06-18,0.044,16514
"814",2018-07-02,0.043,16528
"815",2018-07-16,0.068,16542
"816",2018-07-30,0.059,16556
"817",2018-08-13,0.063,16570
"818",2018-08-27,0.049,16584
"819",2018-09-10,0.048,16598
"820",2018-09-24,0.041,16612
"821",2018-10-08,0.073,16626
"822",2018-10-22,0.132,16640
"823",2018-11-05,0.155,16655
"824",2018-11-19,0.096,16669
"825",2018-12-03,0.066,16683
"826",2018-12-17,0.083,16697
"827",2019-01-02,0.078,16713
"828",2019-01-14,0.086,16725
"829",2019-01-28,0.201,16739
"830",2019-02-11,0.053,16753
"831",2019-02-25,0.082,16767
"832",2019-03-11,0.057,16780
"833",2019-03-25,0.03,16794
"834",2019-04-08,0.034,16808
"835",2019-04-22,0.031,16822
"836",2019-05-06,0.142,16836
"837",2019-05-20,0.016,16850
"838",2019-06-03,0.018,16864
"839",2019-06-17,0.378,16878
"840",2019-07-01,0.165,16892
"841",2019-07-15,0.131,16906
"842",2019-07-29,0.103,16920
"843",2019-08-12,0.041,16934
"844",2019-08-26,0.042,16948
"845",2019-09-09,0.047,16962
"846",2019-09-23,0.099,16976
"847",2019-10-08,0.193,16991
"848",2019-10-21,0.241,17004
"849",2019-11-04,0.062,17019
"850",2019-11-18,0.074,17033
"851",2019-12-02,0.051,17047
"852",2019-12-16,0.04,17061
"853",2019-12-30,0.115,17075
"854",2020-01-13,0.079,17089
"855",2020-01-27,0.038,17103
"856",2020-02-10,0.053,17117
"857",2020-02-24,0.053,17131
"858",2020-03-09,0.032,17144
"859",2020-03-23,0.03,17158
"860",2020-04-06,0.058,17172
"861",2020-04-20,0.017,17186
"862",2020-05-04,0.012,17200
"863",2020-05-18,0.016,17214
"864",2020-06-01,0.101,17228
"865",2020-06-15,0.182,17242
"866",2020-06-29,0.078,17256
"867",2020-07-13,0.099,17270
"868",2020-07-27,0.142,17284
"869",2020-08-10,0.072,17298
"870",2020-08-24,0.078,17312
"871",2020-09-08,0.06,17327
"872",2020-09-21,0.048,17340
"873",2020-10-05,0.057,17354
"874",2020-10-19,0.051,17368
"875",2020-11-02,0.049,17383
"876",2020-11-16,0.043,17397
"877",2020-11-30,0.06,17411
"878",2020-12-14,0.044,17425
"879",2020-12-28,0.022,17439
"880",2021-01-11,0.029,17453
"881",2021-01-25,0.036,17467
"882",2021-02-08,0.056,17481
"883",2021-02-22,0.06,17495
"884",2021-03-08,0.05,17509
"885",2021-03-22,0.049,17522
"886",2021-04-05,0.081,17536
"887",2021-04-19,0.091,17550
"888",2021-05-03,0.118,17564
"889",2021-05-17,0.127,17578
"890",2021-06-01,0.108,17593
"891",2021-06-14,0.093,17606
"892",2021-06-28,0.024,17620
"893",2021-07-12,0.146,17634
"894",2021-07-26,0.088,17648
"895",2021-08-09,0.063,17662
"896",2021-08-23,0.075,17676
"897",2021-09-07,0.08,17691
"898",2021-09-20,0.063,17704
"899",2021-10-04,0.049,17718
"900",2021-10-18,0.048,17732
"901",2021-11-01,0.095,17746
"902",2021-11-15,0.038,17761
"903",2021-11-29,0.041,17775
"904",2021-12-13,0.077,17789
"905",2021-12-27,0.071,17803
"906",2022-01-10,0.061,17817
"907",2022-01-24,0.079,17831
"908",2022-02-07,0.049,17845
"909",2022-02-21,0.044,17859
"910",2022-03-07,0.05,17873
"911",2022-03-21,0.024,17886
"912",2022-04-04,0.052,17900
"913",2022-04-18,0.005,17914
"914",2022-05-02,NA,17928
"915",2022-05-16,0.005,17942
"916",2022-05-31,0.007,17957
"917",2022-06-13,0.018,17970
"918",2022-06-27,0.34,17984
"919",2022-07-11,0.221,17998
"920",2022-07-25,0.152,18012
"921",2022-08-08,0.272,18026
"922",2022-08-22,0.226,18040
"923",2022-09-06,0.103,18055
"924",2022-09-19,0.055,18068
"925",2022-10-03,0.035,18082
"926",2022-10-17,0.04,18096
"927",2022-10-31,0.057,18110
"928",2022-11-14,0.075,18125
"929",2022-11-28,0.066,18139
"930",2022-12-12,0.051,18153
"931",2022-12-27,0.041,18168
"932",2023-01-09,0.069,18181
"933",2023-01-23,0.044,18195
"934",2023-02-06,0.062,18209
"935",2023-02-20,0.072,18223
"936",2023-03-06,0.078,18237
"937",2023-03-20,0.078,18250
"938",2023-04-03,0.064,18264
"939",2023-04-17,0.039,18278
"940",2023-05-01,0.033,18292
